use iwmDemo;

insert into user values('1', null, null, 'nadia@masterlink.com', '1', 'Administrator',  'Administrator', 'admin', 'admin');
insert into role values('1', null,null,'IWM Application Administrator', 'admin');
insert into user_role values('1','1');



INSERT INTO `AssetAttribute` VALUES (1,NULL,NULL,'TAM','D0022',1,1),(2,NULL,NULL,'ID','II285A',2,1),(5,NULL,NULL,'MODEL','M1152',5,1),(6,NULL,NULL,'TAM','D0027',1,2),(7,NULL,NULL,'ID','11291C',2,2),(8,NULL,NULL,'MODEL','CAT II R633',5,2),(9,NULL,NULL,'TAM','D0036',1,3),(10,NULL,NULL,'ID','11803A',2,3),(11,NULL,NULL,'MODEL','M-ATV',5,3),(12,NULL,NULL,'TAM','D0030',1,4),(13,NULL,NULL,'ID','11301B',2,4),(14,NULL,NULL,'MODEL','M1151A1',5,4),(15,NULL,NULL,'TAM','D0031',1,5),(16,NULL,NULL,'ID','112858',2,5),(17,NULL,NULL,'MODEL','M1165',5,5),(18,NULL,NULL,'TAM','D0004',1,6),(19,NULL,NULL,'ID','106290',2,6),(20,NULL,NULL,'MODEL','AMK25',5,6),(22,NULL,NULL,'TAM','D0022',1,7),(23,NULL,NULL,'ID','11285A',2,7),(24,NULL,NULL,'MODEL','M1152',5,7),(25,NULL,NULL,'TAM','D0036',1,8),(26,NULL,NULL,'ID','11803A',2,8),(27,NULL,NULL,'MODEL','M-ATV',5,8),(28,NULL,NULL,'TAM','D1062',1,30),(29,NULL,NULL,'ID','10621A',2,30),(30,NULL,NULL,'MODEL','NK-27',5,30);

INSERT INTO `AssetAttributeTemplate` VALUES (1,NULL,NULL,'TAM',NULL,1),(2,NULL,NULL,'ID',NULL,1),(3,NULL,NULL,'OWNER',NULL,1),(4,NULL,NULL,'NSN',NULL,1),(5,NULL,NULL,'MODEL',NULL,1);

INSERT INTO `AssetResource` VALUES (1,NULL,NULL,'\0',1,3,NULL,NULL,1,1),(2,NULL,NULL,'\0',1,3,NULL,NULL,2,2),(3,NULL,NULL,'\0',1,3,NULL,NULL,3,3),(4,NULL,NULL,'\0',1,3,NULL,NULL,4,4),(5,NULL,NULL,'\0',1,3,NULL,NULL,5,5),(6,NULL,NULL,'\0',1,3,NULL,NULL,6,6),(7,NULL,NULL,'\0',1,3,NULL,NULL,7,7),(8,NULL,NULL,'\0',1,3,NULL,NULL,8,8),(9,NULL,NULL,'\0',1,3,NULL,NULL,9,9),(10,NULL,NULL,'\0',1,3,NULL,NULL,10,10),(11,NULL,NULL,'\0',1,3,NULL,NULL,11,11),(12,NULL,NULL,'\0',1,3,NULL,NULL,12,12);


INSERT INTO `AssetTemplate` VALUES (1,NULL,NULL,'PA','\0','Universal Template',NULL,1,NULL),(2,NULL,NULL,'WO','\0','Worker Template',NULL,2,NULL),(3,NULL,NULL,'PR','\0','Technician',NULL,3,2);

INSERT INTO `AssetType` VALUES (1,NULL,NULL,1,1,'Universal Template'),(2,NULL,NULL,2,2,'Worker Template'),(3,NULL,NULL,3,3,'Proficiency Tempate');

INSERT INTO `Job` VALUES (1,NULL,NULL,'CAT10','2011-09-28',NULL,NULL,'2011-05-20',7,NULL,NULL,NULL,'E2','0BB43',180,'JT2',NULL,NULL,'P6','2011-05-20',NULL,NULL,'JS6','\0',180,NULL),(3,NULL,NULL,'CAT5','2011-09-28',NULL,NULL,'2011-05-27',0,NULL,NULL,NULL,'E2','0BB75',360,'JT2',NULL,NULL,'P1','2011-05-27',NULL,NULL,'JS6','\0',360,NULL),(4,NULL,NULL,'CAT6','2011-09-28',NULL,NULL,'2011-05-24',3,NULL,NULL,NULL,'E2','0BB58',480,'JT1',NULL,NULL,'P13','2011-05-23',NULL,NULL,'JS6','\0',480,NULL),(5,NULL,NULL,'CAT6','2011-09-28',NULL,NULL,'2011-05-27',0,NULL,NULL,NULL,'E2','0BB59',0,'JT2',NULL,NULL,'P13','2011-05-27',NULL,NULL,'JS6','\0',NULL,NULL),(6,NULL,NULL,'CAT6','2011-09-28',NULL,NULL,'2011-05-27',0,NULL,NULL,NULL,'E2','0BB61',0,'JT2',NULL,NULL,'P12','2011-05-27',NULL,NULL,'JS6','\0',NULL,NULL),(7,NULL,NULL,'CAT6','2011-09-28',NULL,NULL,'2011-05-27',0,NULL,NULL,NULL,'E2','0BB65',180,'JT2',NULL,NULL,'P13','2011-05-27',NULL,NULL,'JS6','\0',180,NULL),(8,NULL,NULL,'CAT10','2011-09-28',NULL,NULL,'2011-05-27',0,NULL,NULL,NULL,'E2','0BB60',0,'JT2',NULL,NULL,'P6','2011-05-27',NULL,NULL,'JS1','\0',NULL,NULL),(9,NULL,NULL,'CAT10','2011-09-28',NULL,NULL,'2011-05-27',0,NULL,NULL,NULL,'E2',NULL,0,'JT2',NULL,NULL,'P7','2011-05-27',NULL,NULL,'JS1','\0',NULL,NULL),(10,NULL,NULL,'CAT6','2011-09-28',NULL,NULL,'2011-05-27',0,NULL,NULL,NULL,'E2',NULL,0,'JT1',NULL,NULL,'P13','2011-05-27',NULL,NULL,'JS1','\0',NULL,NULL);

INSERT INTO `JobTask` VALUES (1,NULL,NULL,0,'Rplc power steering pump ',100,'M17',1,1),(2,NULL,NULL,0,'Rplc. pwr steering hose',60,'M22',1,2),(3,NULL,NULL,0,'Rplc. water spray nozzle',0,'H34',1,3),(4,NULL,NULL,0,'Rplc rear axle',360,'E34',3,4),(5,NULL,NULL,0,'Annual PMCS',480,'52',4,5),(6,NULL,NULL,0,'Rplc. transmission seals',0,'816',5,6),(7,NULL,NULL,0,'Rplc. water pump',0,'J17',6,7),(8,NULL,NULL,0,'Rplc. water spray hose',0,'J11',6,8),(9,NULL,NULL,0,'Rplc shocks',180,'E31',7,9),(10,NULL,NULL,0,'Rplc water valve',0,'J18',8,10),(11,NULL,NULL,0,'Rplc AC compressor',0,'J19',9,11),(12,NULL,NULL,0,'Semi-Annual PMCS',0,'53',10,12);

INSERT INTO `Task` VALUES (1,NULL,NULL,'Rplc power steering pump ',100,0,'ET5',0,0,'FT1','','',NULL,NULL,'P6',NULL,NULL,NULL,'M17','TT1',1),(2,NULL,NULL,'Rplc. pwr steering hose',60,0,'ET5',0,0,'FT1','','',NULL,NULL,'P6',NULL,NULL,NULL,'M22','TT1',2),(3,NULL,NULL,'Rplc. water spray nozzle',20,0,'ET5',0,0,'FT1','','',NULL,NULL,'P6',NULL,NULL,NULL,'H34','TT1',3),(4,NULL,NULL,'Rplc rear axle',360,0,'ET5',0,0,'FT1','','',NULL,NULL,'P6',NULL,NULL,NULL,'E34','TT1',4),(5,NULL,NULL,'Annual PMCS',480,0,'ET5',0,0,'FT1','','',NULL,NULL,'P6',NULL,NULL,NULL,'52','TT2',5),(6,NULL,NULL,'Rplc. transmission seals',240,0,'ET5',0,0,'FT1','','',NULL,NULL,'P6',NULL,NULL,NULL,'816','TT1',6),(7,NULL,NULL,'Rplc. water pump',120,0,'ET5',0,0,'FT1','','',NULL,NULL,'P6',NULL,NULL,NULL,'J17','TT1',7),(8,NULL,NULL,'Rplc. water spray hose',25,0,'ET5',0,0,'FT1','','',NULL,NULL,'P6',NULL,NULL,NULL,'J11','TT1',8),(9,NULL,NULL,'Rplc shocks',180,0,'ET5',0,0,'FT1','','',NULL,NULL,'P6',NULL,NULL,NULL,'E31','TT1',9),(10,NULL,NULL,'Rplc water valve',45,0,'ET5',0,0,'FT1','','',NULL,NULL,'P6',NULL,NULL,NULL,'J18','TT1',10),(11,NULL,NULL,'Rplc AC compressor',70,0,'ET5',0,0,'FT1','','',NULL,NULL,'P6',NULL,NULL,NULL,'J19','TT1',11),(12,NULL,NULL,'Semi-Annual PMCS',240,0,'ET5',0,0,'FT7','','',NULL,NULL,'P6',NULL,NULL,NULL,'53','TT2',12);


INSERT INTO `TaskInstance` VALUES (1,NULL,NULL,100,'',1,NULL),(2,NULL,NULL,60,'',2,NULL),(3,NULL,NULL,20,'',3,NULL),(4,NULL,NULL,360,'',4,NULL),(5,NULL,NULL,480,'',5,NULL),(6,NULL,NULL,240,'',6,NULL),(7,NULL,NULL,120,'',7,NULL),(8,NULL,NULL,25,'',8,NULL),(9,NULL,NULL,180,'',9,NULL),(10,NULL,NULL,45,'',10,NULL),(11,NULL,NULL,70,'',11,NULL),(12,NULL,NULL,240,'',12,NULL);

INSERT INTO `TaskTemplate` VALUES (1,NULL,NULL,0,0,100,0,'ET5',0,0,'FT1','P6',NULL,NULL,'M17','Rplc power steering pump ','TT1',1),(2,NULL,NULL,0,0,90,0,'ET5',0,0,'FT1','P6',NULL,NULL,'M22','Rplc. pwr steering hose','TT1',1),(3,NULL,NULL,0,0,15,0,'ET5',0,0,'FT1','P6',NULL,NULL,'H34','Rplc. water spray nozzle','TT1',1),(4,NULL,NULL,0,0,160,0,'ET5',0,0,'FT1','P6',NULL,NULL,'E34','Rplc rear axle','TT1',1),(5,NULL,NULL,0,0,240,0,'ET5',0,0,'FT1','P6',NULL,NULL,'52','Annual PMCS','TT2',1),(6,NULL,NULL,0,0,240,0,'ET5',0,0,'FT1','P6',NULL,NULL,'816','Rplc. transmission seals','TT1',1),(7,NULL,NULL,0,0,120,0,'ET5',0,0,'FT1','P6',NULL,NULL,'J17','Rplc. water pump','TT1',1),(8,NULL,NULL,0,0,25,0,'ET5',0,0,'FT1','P6',NULL,NULL,'J11','Rplc. water spray hose','TT1',1),(9,NULL,NULL,0,0,45,0,'ET5',0,0,'FT1','P6',NULL,NULL,'E31','Rplc shocks','TT1',1),(10,NULL,NULL,0,0,45,0,'ET5',0,0,'FT1','P6',NULL,NULL,'J18','Rplc water valve','TT1',1),(11,NULL,NULL,0,0,70,0,'ET5',0,0,'FT1','P6',NULL,NULL,'J19','Rplc AC compressor','TT1',1),(12,NULL,NULL,0,0,240,0,'ET5',0,0,'FT7','P6',NULL,NULL,'53','Semi-Annual PMCS','TT2',1);

INSERT INTO `Task_Asset` VALUES (1,22),(1,23),(1,24),(1,25),(1,26),(1,27),(1,28),(1,29),(1,30),(2,22),(2,23),(2,24),(2,25),(2,26),(2,27),(2,28),(2,29),(2,30),(3,22),(3,23),(3,24),(3,25),(3,26),(3,27),(3,28),(3,29),(3,30),(4,22),(4,23),(4,24),(4,25),(4,26),(4,27),(4,28),(4,29),(4,30),(5,22),(5,23),(5,24),(5,25),(5,26),(5,27),(5,28),(5,29),(5,30),(6,22),(6,23),(6,24),(6,25),(6,26),(6,27),(6,28),(6,29),(6,30),(7,22),(7,23),(7,24),(7,25),(7,26),(7,27),(7,28),(7,29),(7,30),(8,22),(8,23),(8,24),(8,25),(8,26),(8,27),(8,28),(8,29),(8,30),(9,22),(9,23),(9,24),(9,25),(9,26),(9,27),(9,28),(9,29),(9,30),(10,22),(10,23),(10,24),(10,25),(10,26),(10,27),(10,28),(10,29),(10,30),(11,22),(11,23),(11,24),(11,25),(11,26),(11,27),(11,28),(11,29),(11,30),(12,22),(12,23),(12,24),(12,25),(12,26),(12,27),(12,28),(12,29),(12,30);

INSERT INTO `NonAssetResource` (`nonAssetResourceId`,`archiveDate`,`lastChange`,`description`,
`quantity`,`tag`,`type`,`unitRefId`,`jobId`,`taskId`,`taskTemplateId`,`recDateStr`,`currentLoc`
,`status`)
VALUES
	(1, NULL, '2011-06-01 00:00:00', 'Power steering pump', 1, '2540-01-385-9031', 'NA1', 0, 1, 1, 1, '2011-10-02', 'TBS', 'Received 1275'),
	(2, NULL, '2011-06-01 00:00:00', 'Brackets', 1, '2540-01-300-8745', 'NA1', 0, 1, 1, 1, '2011-10-03', 'Camp Pendelton', 'Shipped 1275'),
	(3, NULL, '2011-06-01 00:00:00', 'Power steering hose', 1, '4750-01-341-4912', 'NA1', 0, 1, 2, 2, NULL, 'TBS', 'Canceled 1275'),
	(4, NULL, '2011-06-01 00:00:00', 'Water spray nozzle', 1, '2540-01-184-5503', 'NA1', 0, 1, 3, 3, NULL, 'TBS', 'Not ordered'),
	(5, NULL, '2011-06-01 00:00:00', 'Rear Axle', 1, '8675-30-986-7530', 'NA1', 0, 3, 4, 4, '2011-10-04', 'TBS', 'Received 1277'),
	(6, NULL, '2011-06-01 00:00:00', 'Engine oil 20w50', 15, '0113-86-951-4351', 'NA2', 1, 4, 5, 5, '2011-09-29', 'Camp Pendelton', 'Received 1272'),
	(7, NULL, '2011-06-01 00:00:00', 'M-ATV Annual PMCS Kit', 1, '0014-80-145-2724', 'NA3', 0, 4, 5, 5, '2011-09-29', 'Camp Pendelton', 'Received 1272');
	
INSERT INTO  assettimeshare (assetTimeshareid, asresource, isassigned, enddate,startdate,assetid, jobid) 
VALUES 
	(1,1,1,'2011-06-01 00:00:00','2011-06-01 00:00:00',1,1)